"firstName","LastName","gender","address","image"
"Aman","Rathod","male","dhar ","download.jpeg"
"neha","ji","female","dhar","phone.jpeg"
"hjlljk","fvgdf","other","fcvf","Screenshot from 2021-10-22 17-48-03.png"
"arjun","sen","male","vfcvcx","lapy.jpeg"
"mansi","patel","female","mhow","download.jpeg"
"Aman","binjwa","male","indore","maxresdefault.jpg"
"hjlljk","aman","female","dhar","maxresdefault.jpg"
"ravi","rajput","male","dhar","girl.png"
"kishan","limbasiya","male","Gujraat","download.jpeg"
"hiren","limbasiya","male","gujraat","dust.jpg"
"Ravi","shreevastav","male","Gujraat","lapy.jpeg"
"jimita","gandhi","female","ahemdabad","girl.png"
"dipesh","viradiya","male","rajkot","swami vivekand ji.jpg"
"suchit","ji","male","maharastra","tiger.jpeg"
"sarthak","parik","male","rajkot","p1.jpeg"
"Aman","Neema","male","indore","lapy.jpeg"
"dixit","chowatiya","male","rajkfghjgoibjgtobgb","laptop.jpeg"
"dhanvi","gajjar","female","ahemdabad","girl.png"
"arjun","sen","male","pithampur","laptop.jpeg"
"parita","ji","female","rajkot","girl.png"
"chirag","chowatiya","male","gujraat","tree.jpg"
"mohit","sharma","male","nanded","dust.jpg"
"Abhishek ji","parihar","male","burhanpur","p1.jpeg"
"priyanka","patel","female","gatodiya","girl.png"
"nikku","ji","female","dhar","lapy.jpeg"
"shubham","ji","female","dhar","phone.jpeg"
"mona ","morye","female","dhar","girl.png"
"Aman23","aman","male","dhar","phone.jpeg"
"mitali","jain","female","dhar","tiger.jpeg"
"gnhjg","hjgh","female","ghjghjn","swami vivekand ji.jpg"
"dcv","vgbhnfgb","female","gnhfg","swami vivekand ji.jpg"
"Abhishek","vb","female","vbn ","tiger.jpeg"
"Aman","aman","female","dhar","Screenshot from 2021-10-22 17-48-03.png"
"fbvn","bvnvb","female","vbm,bnbn","phone.jpeg"
"ghjhgmk","hjkhj","female","hkjlhkj.;","download.jpeg"
"fbhfgnh","gfhfg","female","ghjnghmhj","maxresdefault.jpg"
"ghgj","hgjmgh","female","hjghj","download.jpeg"
"fgbhfgn","ghgfnh","female","fghbfg","tree.jpg"